texto,nota,id,data
,5,MLB15162389,29 set. 2025
,5,MLB15162389,25 out. 2025
Ótimo gostei muito. Recomendo.,5,MLB15162389,26 out. 2025
,5,MLB15162389,27 out. 2025
"O bebedouro destacase por gelar a água de forma eficiente, sendo um ótimo custobenefício. Além disso, é elogiado por sua resistência e design leve e atraente. A praticidade de não precisar colocar água na geladeira é um ponto positivo mencionado.",5,MLB15162389,20 nov. 2025
Para uso de até 3 ou até 4 pessoas no limite. Não fica tão gelado por ser eletrônico vc enche uma garrafinha de 500ml e depois continua a usar não fica tão gelado. Ele é muito leve tbm e se movimenta facilmente pra isso como no manual fala pra prender ele o correto e seguro.,4,MLB15162389,19 out. 2025
,5,MLB39249886,29 set. 2025
,5,MLB39249886,25 out. 2025
Ótimo gostei muito. Recomendo.,5,MLB39249886,26 out. 2025
,5,MLB39249886,27 out. 2025
"O bebedouro destacase por gelar a água de forma eficiente, sendo um ótimo custobenefício. Além disso, é elogiado por sua resistência e design leve e atraente. A praticidade de não precisar colocar água na geladeira é um ponto positivo mencionado.",5,MLB39249886,20 nov. 2025
Para uso de até 3 ou até 4 pessoas no limite. Não fica tão gelado por ser eletrônico vc enche uma garrafinha de 500ml e depois continua a usar não fica tão gelado. Ele é muito leve tbm e se movimenta facilmente pra isso como no manual fala pra prender ele o correto e seguro.,4,MLB39249886,19 out. 2025
,5,MLB29662218,29 set. 2025
,5,MLB29662218,25 out. 2025
Ótimo gostei muito. Recomendo.,5,MLB29662218,26 out. 2025
,5,MLB29662218,27 out. 2025
"O bebedouro destacase por gelar a água de forma eficiente, sendo um ótimo custobenefício. Além disso, é elogiado por sua resistência e design leve e atraente. A praticidade de não precisar colocar água na geladeira é um ponto positivo mencionado.",5,MLB29662218,20 nov. 2025
Para uso de até 3 ou até 4 pessoas no limite. Não fica tão gelado por ser eletrônico vc enche uma garrafinha de 500ml e depois continua a usar não fica tão gelado. Ele é muito leve tbm e se movimenta facilmente pra isso como no manual fala pra prender ele o correto e seguro.,4,MLB29662218,19 out. 2025
